"day","mean"
"Sun",2.90566037735849
"Mon",5.76923076923077
"Tue",6.65384615384615
"Wed",6.28846153846154
"Thu",5.80769230769231
"Fri",6.13461538461539
"Sat",3.21153846153846
