"ShelfLife","Historical","MultiLogitFit"
"1",0.0125,0.0211468573365276
"2",0.116666666666667,0.116100729770297
"3",0.354166666666667,0.329461154799488
"4",0.4,0.391561266379375
"5",0.116666666666667,0.141729991714312
